Staffel;Mannschaft;Breitengrad;Laengengrad;Adresse
KK-01;Heidgraben 3.;53.7009318;9.6778694;Udo-Tesch-Sportpark 1, Uetersener Str. 1 A, 25436 Heidgraben
KK-01;FC Elmshorn 2.;53.7426042;9.6778985;Ramskamp 1 (Elmshorn), Ramskamp 2 A, 25337 Elmshorn
KK-01;Lieth 3.;53.7287735;9.655701;Klaus-Waskow-Platz, Am Butterberg 10, 25336 Klein Nordende
KK-01;Rantzau 3.;53.7894806;9.7549629;Düsterlohe 1, Düsterlohe 6, 25355 Barmstedt
KK-01;Hörnerkirchen 2.;53.8506235;9.7073903;Hörnerkirchen, Schulweg 3, 25364 Brande-Hörnerkirchen
KK-01;Seestermühe 1.;53.7041593;9.5695728;Seestermuehe, Dorfstr., 25371 Seestermühe
KK-01;Sparrieshoop 2.;53.7928448;9.6883628;Helmut-Gehn-Stadion, Am Rosengarten 4, 25365 Klein Offenseth-Sparrieshoop
KK-01;Heist 2.;53.6575164;9.6684612;Hamburger Strasse (Rasen), Hamburger Str., 25492 Heist
KK-01;Haseldorf 2.;53.6345084;9.6045794;Schloßparkstadion, Kamperrege 3a, 25489 Haseldorf
KK-01;Holsatia im EMTV 1.;53.759621;9.667371;Wilhelmshoehe 1 (Rasen), Kaltenweide 232, 25335 Elmshorn
KK-01;Hemd.-Bilsen/​Kickers Egenbüttel 1.SG;53.7632496;9.8429156;Sportzentrum 1 (Rasen), Am Sportplatz, 25485 Hemdingen
KK-01;TBS Pinneberg 2.;53.6741348;9.7804638;Müßentwiete 1, Müssentwiete, 25421 Pinneberg
KK-01;Gencler Birligi 1.;53.7550668;9.6748608;Stad. Krückaupark (Rasen), Zum Krückaupark 2, 25337 Elmshorn
KK-02;Buxtehude 2.;53.4684784;9.6857003;Jahnstadion 2, An der Rennbahn 1, 21614 Buxtehude
KK-02;Harburger Türk-Sport 2.;53.4531094;9.9807218;Baererstraße, Baererstr. 45 A, 21073 Hamburg
KK-02;GW Harburg 1.;53.4282237;9.9652192;Marienkäferweg, Marienkäferweg 18, 21077 Hamburg
KK-02;FFC 08 2.;53.5356707;9.8748056;Finksweg, Finksweg 82 A, 21129 Hamburg
KK-02;FSV Harburg-Rönneburg 2.;53.444837;9.9986931;Wilstorfer Höh, Brandesstr. 12, 21079 Hamburg
KK-02;Einigkeit 1.;53.501222;10.0019623;Dratelnstraße 1, Dratelnstr. 21, 21109 Hamburg
KK-02;RW Wilhelmsburg 2.;53.5064285;9.9902937;Rotenhäuser Damm, Rotenhäuser Damm 94, 21107 Hamburg
KK-02;Viktoria Harburg 2.;53.4531094;9.9807218;Baererstraße, Baererstr. 45 A, 21073 Hamburg
KK-02;Harburger TB 3.;53.4574254;9.9353381;Jahnhöhe 1, Vahrenwinkelweg 28, 21075 Hamburg
KK-02;Buchholz 3.;53.333842;9.8954326;Sportzentrum Holzweg Platz 1, Holzweg 8 b, 21244 Buchholz in der Nordheide
KK-02;Finkenwerder 2.;53.5356707;9.8748056;Finksweg, Finksweg 82 A, 21129 Hamburg
KK-02;Juventude 1.;53.4868669;10.0253387;Karl-Arnold-Ring 3, Karl-Arnold-Ring 15, 21109 Hamburg
KK-02;Dersimspor 2.;53.4552296;9.9515067;Ehestorfer Weg, Ehestorfer Weg 14 a, 21075 Hamburg
KK-03;Aumühle 2.;53.5320209;10.3409319;Fritz-Bortz-Sportplatz, Sachsenwaldstr., 21521 Aumühle
KK-03;SVNA 2.;53.4832523;10.1726674;Allermöhe 2, Henriette-Herz-Ring, 21035 Hamburg
KK-03;SC V. M. 3.;53.4011135;10.1755276;Zollenspieker, Auf dem Sülzbrack 2, 21037 Hamburg
KK-03;TSG Bergedorf 1.;53.4942516;10.2252287;Billtalstadion, Daniel-Hinsche-Straße 50, 21029 Hamburg
KK-03;Reinbek 2.;53.516839105056064;10.243367720142784;Reinbek 2, Theodor-Storm-Str/Mühlenredder, 21465 REINBEK
KK-03;Schwarzenbek 3.;53.4952549;10.4805676;Schwarzenbek 2, Schützenallee, 21493 Schwarzenbek
KK-03;Escheburg 3.;53.4682706;10.3098704;Escheburg, Stubbenberg 17 a, 21039 Escheburg
KK-03;Börnsen 3.;53.4751435;10.2883862;Börnsen 1 (Rasen), Hamfelderedder, 21039 Börnsen
KK-03;Altengamme 3.;53.4304373;10.2744418;Gammer Weg 2, Gammer Weg 49 A, 21039 Hamburg
KK-03;ASV Bergedorf 85 2.;53.4959511;10.1899056;Sander Tannen 3, Krusestr. 5, 21033 Hamburg
KK-03;FSV Geesthacht 2.;53.422714;10.4241199;Berlinerstrasse 2, Berliner Str. 62, 21502 Geesthacht
KK-03;FC Lauenburg 1.;53.3740838;10.5447572;Lauenburg 1 (Rasen), Glüsinger Weg, 21481 Lauenburg
KK-03;Grünhof-Tesperhude 1.;53.4100634;10.4321815;Grünhof, Westerheese, 21502 Geesthacht
KK-03;Düneberg 2.;53.4431906;10.3663215;Düneberg, Silberberg 11, 21502 Geesthacht
KK-04;Aumühle 3.;53.5320209;10.3409319;Fritz-Bortz-Sportplatz, Sachsenwaldstr., 21521 Aumühle
KK-04;Einigkeit 2.;53.501222;10.0019623;Dratelnstraße 1, Dratelnstr. 21, 21109 Hamburg
KK-04;Lorbeer 1.;53.5350323;10.0444922;Marckmannstraße, Marckmannstr. 125, 20539 Hamburg
KK-04;HafenCity 2.;53.5520761;10.0276471;Kesslau-Platz, Anckelmannsplatz 2 F, 20537 Hamburg
KK-04;Bostelbek 2.;53.464756;9.9659033;Alter Postweg, Alter Postweg 30, 21075 Hamburg
KK-04;MSV Hamburg 3.;53.533191;10.1490372;Kandinskyallee 2, Kandinskyallee 29, 22115 Hamburg
KK-04;Mesopotamien 2.;53.448738;9.9835618;Außenmühle, Vinzenzweg 18, 21077 Hamburg
KK-04;RW Wilhelmsburg 3.;53.5064285;9.9902937;Rotenhäuser Damm, Rotenhäuser Damm 94, 21107 Hamburg
KK-04;FC Türkiye 2.;53.5176981;9.9804304;Fährstrasse, Heinrich-Gross-Str. 90, 21107 Hamburg
KK-04;Störtebeker SV 1.;53.5520761;10.0276471;Kesslau-Platz, Anckelmannsplatz 2 F, 20537 Hamburg
KK-04;Billstedt-Horn 5.;53.5406409;10.1352281;Billstedt 1 Stadion, Möllner Landstr. 197, 22117 Hamburg
KK-04;Vorwärts Ost 1.;53.5122773;10.0149853;Rahmwerder Strasse, Rahmwerder Str. 11, 21109 Hamburg
KK-04;SV Wilhelmsburg 3.;53.4868669;10.0253387;Karl-Arnold-Ring 2, Karl-Arnold-Ring 15, 21109 Hamburg
KK-05;ETSV Hamburg 2.;53.5005274;10.1339848;Mittl. Landweg 1, Mittlerer Landweg 40, 21033 Hamburg
KK-05;SC Europa 1.;53.5277548;10.1558479;Rahewinkel, Beim Saaren 1, 22115 Hamburg
KK-05;SC V. M. 4.;53.4011135;10.1755276;Zollenspieker, Auf dem Sülzbrack 2, 21037 Hamburg
KK-05;Billstedt-Horn 3.;53.5398147;10.1055898;Billstedt 3, Möllner Landstr. 197, 22117 Hamburg
KK-05;MSV Hamburg 1.;53.533191;10.1490372;Kandinskyallee 2, Kandinskyallee 29, 22115 Hamburg
KK-05;SC Hamm 1.;53.546326;10.0644385;Ernst-Fischer-Platz 2, Neue Süderstraße, 20537 Hamburg
KK-05;Oststeinbek 2.;53.5485174;10.1665968;Oststeinbek 1 (Kunstrasen), Meessen 32, 22113 Oststeinbek
KK-05;ASV Bergedorf 85 3.;53.4959511;10.1899056;Sander Tannen 3, Krusestr. 5, 21033 Hamburg
KK-05;Glinde 3.;53.5490016;10.2184354;Bernd Schaffernicht Platz 2, Am Sportplatz 98 A, 21509 Glinde
KK-05;Polonia 4.;53.5686451;10.0328479;Finkenau, Finkenau 38, 22081 Hamburg
KK-05;FC Preußen Hamburg 1.;53.5499148;10.0875313;Von Elm Weg, Von-Elm-Weg 16, 22111 Hamburg
KK-05;Hamm United 3.;53.5571846;10.0711906;Snitgerreihe, Snitgerreihe, 22111 Hamburg
KK-05;Aumühle 4.;53.5320209;10.3409319;Fritz-Bortz-Sportplatz, Sachsenwaldstr., 21521 Aumühle
KK-05;Lorbeer 2.;53.5350323;10.0444922;Marckmannstraße, Marckmannstr. 125, 20539 Hamburg
KK-05;SVNA 3.;53.4832523;10.1726674;Allermöhe 2, Henriette-Herz-Ring, 21035 Hamburg
KK-06;Condor 4.;53.6089639;10.1199163;Farmsen 2, Berner Heerweg 189, 22159 Hamburg
KK-06;Concordia 3.;53.5756854;10.1371178;Jenfeld 2, Bekkamp 25, 22045 Hamburg
KK-06;Polonia 3.;53.5686451;10.0328479;Finkenau, Finkenau 38, 22081 Hamburg
KK-06;Farmsen 1.;53.6089639;10.1199163;Farmsen 1, Berner Heerweg 189, 22159 Hamburg
KK-06;Stapelfeld 2.;53.6087519;10.2204899;Am Drehbarg, Am Drehbarg 1, 22145 Stapelfeld
KK-06;Barsbüttel 3.;53.5724793;10.1620994;Barsbüttel 2, Soltausredder 21, 22885 Barsbüttel
KK-06;tus BERNE 3.;53.6278043;10.1261199;Berne, Berner Allee 64, 22159 Hamburg
KK-06;Willinghusen 2.;53.5620096;10.2081893;Willinghusen 1, Am Sportplatz, 22885 Barsbüttel
KK-06;Vorw. Wacker 4.;53.5480503;10.1176169;Öjendorfer Weg 2, Öjendorfer Weg 80, 22119 Hamburg
KK-06;SC FU 1.;53.5840987;10.0983119;Friedrichshöh 2, Walddörferstr. 330, 22047 Hamburg
KK-06;Lorbeer 3.;53.5350323;10.0444922;Marckmannstraße, Marckmannstr. 125, 20539 Hamburg
KK-06;Billstedt-Horn 4.;53.5406409;10.1352281;Billstedt 1 Stadion, Möllner Landstr. 197, 22117 Hamburg
KK-07;SV Alter Teichweg 1.;53.5818962;10.0593058;Vogesenstr., Vogesenstr., 22049 Hamburg
KK-07;Tonndorf-Lohe 1.;53.5812659;10.1479779;Grunewaldstr.61/I, Grunewaldstraße 61, 22149 Hamburg
KK-07;HafenCity 3.;53.5520761;10.0276471;Kesslau-Platz, Anckelmannsplatz 2 F, 20537 Hamburg
KK-07;SV Barmbek 1.;53.6032513;10.0449497;Meister-Francke-Strasse, Meister-Francke-Str., 22309 Hamburg
KK-07;MSV Hamburg 4.;53.533191;10.1490372;Kandinskyallee 2, Kandinskyallee 29, 22115 Hamburg
KK-07;BU 5.;53.5992745;10.0491308;Langenfort 1, Langenfort 70, 22307 Hamburg
KK-07;Farmsen 2.;53.6089639;10.1199163;Farmsen 1, Berner Heerweg 189, 22159 Hamburg
KK-07;Bramfeld 5.;53.6110183;10.0803151;Uwe Herzberg Sportanlage, Ellernreihe 88, 22179 Hamburg
KK-07;DJK Hamburg 1.;53.5818962;10.0593058;Vogesenstr., Vogesenstr., 22049 Hamburg
KK-07;tus BERNE 2.;53.6278043;10.1261199;Berne, Berner Allee 64, 22159 Hamburg
KK-07;Hellbrook 1.;53.6146063;10.0564247;Gropiusring 1 (Rasen), Gropiusring 43, 22309 Hamburg
KK-07;Croatia 2.;53.5686451;10.0328479;Finkenau, Finkenau 38, 22081 Hamburg
KK-07;FC Gregs 1.;53.6146063;10.0564247;Gropiusring 1 (Rasen), Gropiusring 43, 22309 Hamburg
KK-08;Nordlichter im NSV 1.;53.7181303;9.993976;Schulzentrum-Nord, Moorbekstr. 25, 22846 Norderstedt
KK-08;HSV V;53.6916861;9.99918;Paul-Hauenschild-Plätze 4, Ulzburger Str. 94, 22850 Norderstedt
KK-08;Polonia 2.;53.5686451;10.0328479;Finkenau, Finkenau 38, 22081 Hamburg
KK-08;Paloma 4.;53.5832081;10.0401027;Brucknerstrasse, Brucknerstraße 24, 22083 Hamburg
KK-08;VfL 93 2.;53.592041;10.0149443;Borgweg, Südring, 22303 Hamburg
KK-08;Glashütte 2.;53.6827893;10.0411073;Glashütte 2, Poppenbütteler Str. 272, 22851 Norderstedt
KK-08;Alstertal-Langenhorn 2.;53.6330712;10.0170563;Hermann Löns-Pl., Schlehdornweg, 22335 Hamburg
KK-08;Hamburg Hurricanes 2.;53.59946088369256;10.011468419348367;Neue Welt 2/Unten, Jahnring (Ecke Hindenburgstr.) 24, 22297 HAMBURG
KK-08;DUWO 08 1.;53.691107;10.1380289;Ohlstedt 2, Sthamerstr. 30, 22397 Hamburg
KK-08;Poppenbüttel 2.;53.6631728;10.0744635;Bültenkoppel 1, Bültenkoppel 1, 22399 Hamburg
KK-08;UH-Adler 3.;53.5775738;10.0268952;Beethovenstraße, Beethovenstr. 51, 22083 Hamburg
KK-08;Bergstedt 2.;53.6713212;10.1339477;Bergstedt, Teekoppel 9, 22395 Hamburg
KK-08;DSC Hanseat 3.;53.5818962;10.0593058;Vogesenstr., Vogesenstr., 22049 Hamburg
KK-08;Hellbrook 2.;53.6146063;10.0564247;Gropiusring 2, Gropiusring 43, 22309 Hamburg
KK-08;Hummelsbüttel 1.;53.6460106;10.0396931;Hummelsbüttel, Hummelsbüttler Hauptstr. 102, 22339 Hamburg
KK-09;VfL 93 3.;53.5871135;10.0273088;Meerweinstrasse, Meerweinstr. 28, 22303 Hamburg
KK-09;Tangstedt 2.;53.6798132;9.8614359;Tangstedt 2, Hasloher Weg 5, 25499 Tangstedt
KK-09;Victoria 5.;53.5876352;9.9684927;Stadion Hoheluft, Lokstedter Steindamm 87, 22529 Hamburg
KK-09;Alstertal-Langenhorn 3.;53.6638446;10.0087181;Beckermannweg Platz 2, Beckermannweg 23, 22419 Hamburg
KK-09;Friedrichsgabe 1.;53.7239662;9.9873203;Lawetzstraße, Lawaetzstr. 8, 22844 Norderstedt
KK-09;FC Guine-Bissau;53.5277548;10.1558479;Rahewinkel, Beim Saaren 1, 22115 Hamburg
KK-09;Rugenbergen 3.;53.6614224;9.8999507;Sportzentrum Bönningstedt 2, Ellerbeker Str. 29-31, 25474 Bönningstedt
KK-09;Teutonia 10 3.;53.557057;9.9451754;Max-Brauer-Allee 2, Max-Brauer-Allee 121, 22765 Hamburg
KK-09;Niendorf 5.;53.6435073;9.9614048;Sachsenweg 2 (Kunstrasen), Sachsenweg 78, 22455 Hamburg
KK-09;Nordlichter im NSV 2.;53.7181303;9.993976;Schulzentrum-Nord, Moorbekstr. 25, 22846 Norderstedt
KK-09;Germania 3.;53.6451412;9.920934;Königskinderweg 1, Königskinderweg 67 A, 22457 Hamburg
KK-09;Eintracht Lokstedt 3.;53.5961183;9.9542761;Sportpark Eintracht Lokstedt, Döhrntwiete 2 a, 22529 Hamburg
KK-09;SV Groß Borstel 3.;53.6047273;9.9772162;Brödermannsweg, Brödermannsweg 31, 22453 Hamburg
KK-10;Eintracht Lokstedt 4.;53.5961183;9.9542761;Sportpark Eintracht Lokstedt, Döhrntwiete 2 a, 22529 Hamburg
KK-10;HFC Falke 2.;53.5903578;9.9435342;Sportpark Eimsbüttel Platz 3, Hagenbeckstraße 124, 22527 Hamburg
KK-10;Rellinger FC 1.;53.656704;9.8375685;Gemeindesportpl.Rell., Ellerbeker Weg, 25462 Rellingen
KK-10;SV Groß Borstel 2.;53.6047273;9.9772162;Brödermannsweg, Brödermannsweg 31, 22453 Hamburg
KK-10;Teutonia 10 1.;53.557057;9.9451754;Max-Brauer-Allee 2, Max-Brauer-Allee 121, 22765 Hamburg
KK-10;DUWO 08 2.;53.691107;10.1380289;Ohlstedt 2, Sthamerstr. 30, 22397 Hamburg
KK-10;TuS Osdorf 2.;53.5761791;9.8511402;Blomkamp, Blomkamp 32, 22549 Hamburg
KK-10;Lohkamp 2.;53.6037771;9.9003527;Furtweg 2, Furtweg 51, 22523 Hamburg
KK-10;SV Eidelstedt 4.;53.6037771;9.9003527;Furtweg 2, Furtweg 51, 22523 Hamburg
KK-10;Sternschanze 4.;53.5644706;9.9662201;Sternschanze, Sternschanze 9, 20357 Hamburg
KK-10;GW Eimsbüttel 3.;53.5842503;9.9514846;Tiefenstaaken, Julius-Vosseler-Str. 195, 22527 Hamburg
KK-10;West-Eimsbüttel 2.;53.6002278;9.9323094;Vogt-Kölln-Straße Platz 2, Vogt-Kölln-Str. 50, 22527 Hamburg
KK-10;Groß Flottbek 2.;53.572185;9.8819507;Wilhelmshöh 1, Notkestr. 89, 22607 Hamburg
KK-11;Groß Flottbek 3.;53.572185;9.8819507;Wilhelmshöh 1, Notkestr. 89, 22607 Hamburg
KK-11;Sternschanze 5.;53.5644706;9.9662201;Sternschanze, Sternschanze 9, 20357 Hamburg
KK-11;Alsterbrüder 4.;53.5728026;9.9723648;Walter-Wächter-Platz, Gustav-Falke-Str. 19, 20144 Hamburg
KK-11;HEBC 4.;53.5744581;9.9520248;Reinmüller-Platz 2, Tornquiststr., 20259 Hamburg
KK-11;Inter Eidelstedt 1.;53.5903578;9.9435342;Sportpark Eimsbüttel Platz 3, Hagenbeckstraße 124, 22527 Hamburg
KK-11;GW Eimsbüttel 4.;53.5842503;9.9514846;Tiefenstaaken, Julius-Vosseler-Str. 195, 22527 Hamburg
KK-11;Stellingen 1.;53.6002278;9.9323094;Vogt-Kölln-Straße Platz 1, Vogt-Kölln-Str. 50, 22527 Hamburg
KK-11;Teutonia 10 2.;53.557057;9.9451754;Max-Brauer-Allee 2, Max-Brauer-Allee 121, 22765 Hamburg
KK-11;Hammonia 4.;53.5644706;9.9662201;Sternschanze, Sternschanze 9, 20357 Hamburg
KK-11;Lohkamp 3.;53.6037771;9.9003527;Furtweg 1, Furtweg 51, 22523 Hamburg
KK-11;Union 03 2.;53.5657996;9.9420583;Jahnplatz 3, Memellandallee, 22769 Hamburg
KK-11;Hansa 11 3.;53.554357;9.9709719;Feldstraße 1, Heiligengeistfeld, 20359 Hamburg
KK-12;Rissen 2.;53.5843979;9.7768738;Marschweg 1, Marschweg 85, 22559 Hamburg
KK-12;VfL Pinneberg 2.;53.6410586;9.7867827;Kampfbahn B, An der Raa, 25421 Pinneberg
KK-12;FC Hamburger Berg 1.;53.5652929;9.9730691;Sternschanzen-Park, Sternschanze 4, 20357 Hamburg
KK-12;Wedel 2.;53.5718105;9.6989955;Elbestadion (Rasen), Schulauer Str., 22880 Wedel
KK-12;Kickers Halstenbek 1.;53.6170007;9.8354591;Schule Süd, Birkenallee, 25469 Halstenbek
KK-12;Cosmos Wedel 2.;53.5718105;9.6989955;Schulauer Str. 2, Schulauer Str., 22880 Wedel
KK-12;TuS Osdorf 3.;53.5761791;9.8511402;Blomkamp, Blomkamp 32, 22549 Hamburg
KK-12;SC Pinneberg 1.;53.6410586;9.7867827;An Der Raa 1, An der Raa 13, 25421 Pinneberg
KK-12;Komet Blankenese 1.;53.5674321;9.8234211;Dockenhuden 2, Simrockstr. 62 A, 22589 Hamburg
KK-12;Osdorfer Born 1.;53.5907016;9.8466617;Kroonhorst 3, Kroonhorst 117-119, 22549 Hamburg
KK-12;Altona 93 4.;53.5592059;9.9003912;Baurstraße Platz 1, Baurstr. 9, 22605 Hamburg
KK-12;BLS Hamburg 01 1.;53.5842503;9.9514846;Tiefenstaaken, Julius-Vosseler-Str. 195, 22527 Hamburg
KK-12;Waldenau 1.;53.6165673;9.7962298;Stipper-Barthel-Platz, Jappopweg 53, 25421 Pinneberg
KK-12;Union 03 3.;53.5657996;9.9420583;Jahnplatz 3, Memellandallee, 22769 Hamburg
KL-01;Moorrege 1.;53.6638673;9.6629051;Himmelsbarg 1, Kirchenstr. 28, 25436 Moorrege
KL-01;Wedel 1.;53.5718105;9.6989955;Elbestadion (Rasen), Schulauer Str., 22880 Wedel
KL-01;Sparrieshoop 1.;53.7928448;9.6883628;Helmut-Gehn-Stadion, Am Rosengarten 4, 25365 Klein Offenseth-Sparrieshoop
KL-01;Borstel 1.;53.6900722;9.813428;Borstel 1 (Rasen), Quickborner Str. 99, 25494 Borstel-Hohenraden
KL-01;Heidgraben 2.;53.7009318;9.6778694;Udo-Tesch-Sportpark 2, Uetersener Str. 1 A, 25436 Heidgraben
KL-01;Appen 1.;53.6634509;9.7296629;Appen 1, Almtweg, 25482 Appen
KL-01;Union Tornesch 3.;53.7028931;9.7340027;Großer Moorweg Platz 3, Großer Moorweg 30, 25436 Tornesch
KL-01;Heist 1.;53.6575164;9.6684612;Hamburger Strasse (Rasen), Hamburger Str., 25492 Heist
KL-01;Rantzau 2.;53.7894806;9.7549629;Düsterlohe 2, Düsterlohe 6, 25355 Barmstedt
KL-01;Rissen 1.;53.5843979;9.7768738;Marschweg 1, Marschweg 85, 22559 Hamburg
KL-01;Cosmos Wedel 1.;53.5718105;9.6989955;Schulauer Str. 2, Schulauer Str., 22880 Wedel
KL-01;Roland Wedel 1.;53.5718105;9.6989955;Elbestadion (Rasen), Schulauer Str., 22880 Wedel
KL-01;Hörnerkirchen 1.;53.8506235;9.7073903;Hörnerkirchen, Schulweg 3, 25364 Brande-Hörnerkirchen
KL-01;Tangstedt 1.;53.6798132;9.8614359;Tangstedt 2, Hasloher Weg 5, 25499 Tangstedt
KL-01;Lieth 2.;53.7287735;9.655701;Klaus-Waskow-Platz, Am Butterberg 10, 25336 Klein Nordende
KL-01;Holm 1.;53.61951427669735;9.682377542922303;Sportzentrum Holm (Stadion), Im Sande / Meierhof, 25488 HOLM
KL-02;FSV Harburg-Rönneburg 1.;53.444837;9.9986931;Wilstorfer Höh, Brandesstr. 12, 21079 Hamburg
KL-02;Este 06/​70 1.;53.5294963;9.7724108;Cranz (Rasen), Estebogen, 21129 Hamburg
KL-02;Viktoria Harburg 1.;53.4531094;9.9807218;Baererstraße, Baererstr. 45 A, 21073 Hamburg
KL-02;Kosova 2.;53.5244421;10.0190648;Slomanstr., Slomanstr., 20539 Hamburg
KL-02;Buxtehude 1.;53.4684784;9.6857003;Jahnstadion 2, An der Rennbahn 1, 21614 Buxtehude
KL-02;St. Pauli VII;53.554357;9.9709719;Feldstraße 2, Heiligengeistfeld, 20359 Hamburg
KL-02;Harburger TB 2.;53.4574254;9.9353381;Jahnhöhe 1, Vahrenwinkelweg 28, 21075 Hamburg
KL-02;Bostelbek 1.;53.464756;9.9659033;Alter Postweg, Alter Postweg 30, 21075 Hamburg
KL-02;Harburger SC 2.;53.4434773;9.9710864;Rabenstein, Hölscherweg 11, 21077 Hamburg
KL-02;Altenwerder 1.;53.4711365;9.8844575;Jägerhof 1 a (Nord), Talweg 1, 21149 Hamburg
KL-02;RW Wilhelmsburg 1.;53.5064285;9.9902937;Rotenhäuser Damm, Rotenhäuser Damm 94, 21107 Hamburg
KL-02;Hellas United 1.;53.4711365;9.8844575;Jägerhof 1 b (Süd), Talweg 1, 21149 Hamburg
KL-02;Süderelbe 3.;53.4656685;9.8396764;Kiesbarg, Kiesbarg, 21149 Hamburg
KL-02;FC Veddel United 1.;53.5244421;10.0190648;Slomanstr., Slomanstr., 20539 Hamburg
KL-02;SV Wilhelmsburg 1.;53.4868669;10.0253387;Karl-Arnold-Ring 1, Karl-Arnold-Ring 15, 21109 Hamburg
KL-03;Voran Ohe 2.;53.5472043;10.2731939;Stadion Ohe 1, Amselstieg 26, 21465 Reinbek
KL-03;Reinbek 1.;53.516839105056064;10.243367720142784;Reinbek 2, Theodor-Storm-Str/Mühlenredder, 21465 REINBEK
KL-03;SC Wentorf 2.;53.4867361;10.2545209;Am Sportplatz 2 (Kunstrasen), Am Sportplatz 10, 21465 Wentorf bei Hamburg
KL-03;SC V. M. 2.;53.4011135;10.1755276;Zollenspieker, Auf dem Sülzbrack 2, 21037 Hamburg
KL-03;ASV Bergedorf 85 1.;53.4959511;10.1899056;Sander Tannen 3, Krusestr. 5, 21033 Hamburg
KL-03;Lohbrügge 2.;53.5031888;10.205887;Binnenfeldredder 2, Binnenfeldredder 9, 21031 Hamburg
KL-03;Altengamme 2.;53.4304373;10.2744418;Gammer Weg 2, Gammer Weg 49 A, 21039 Hamburg
KL-03;Curslack-Neuengamme 2.;53.4483814;10.2196725;Curslack, Gramkowweg 5, 21039 Hamburg
KL-03;Escheburg 2.;53.4682706;10.3098704;Escheburg, Stubbenberg 17 a, 21039 Escheburg
KL-03;Börnsen 2.;53.4751435;10.2883862;Börnsen 1 (Rasen), Hamfelderedder, 21039 Börnsen
KL-03;Dassendorf 2.;53.4922331;10.3543084;Dassendorf 1, Wendelweg, 21521 Dassendorf
KL-03;FSV Geesthacht 1.;53.422714;10.4241199;Berlinerstrasse 2, Berliner Str. 62, 21502 Geesthacht
KL-03;Lauenburg 1.;53.3740838;10.5447572;Lauenburg 2, Glüsinger Weg, 21481 Lauenburg
KL-03;Schwarzenbek 2.;53.4952549;10.4805676;Schwarzenbek 2, Schützenallee, 21493 Schwarzenbek
KL-04;Billstedt-Horn 1.;53.5406409;10.1352281;Billstedt 1 Stadion, Möllner Landstr. 197, 22117 Hamburg
KL-04;Barsbüttel 2.;53.5724793;10.1620994;Barsbüttel 2, Soltausredder 21, 22885 Barsbüttel
KL-04;Walddörfer 2.;53.6550498;10.175587;Stad. Allhorn, Ahrensburger Weg 28, 22359 Hamburg
KL-04;Willinghusen 1.;53.5620096;10.2081893;Willinghusen 1, Am Sportplatz, 22885 Barsbüttel
KL-04;Condor 3.;53.615629;10.1234504;Berner Heerweg 190/I, Berner Heerweg 190, 22159 Hamburg
KL-04;Stapelfeld 1.;53.6087519;10.2204899;Am Drehbarg, Am Drehbarg 1, 22145 Stapelfeld
KL-04;Ahrensburg 2.;53.6741336;10.2335667;Stormarnplatz 2, Klaus-Groth-Straße, 22926 Ahrensburg
KL-04;Meiendorf 2.;53.6293398;10.1629612;Deepenhorn 1, Deepenhorn 5, 22145 Hamburg
KL-04;Wandsetal 1.;53.5815912;10.0986705;Sportpark Hinschenfelde, Walddörferstr. 247, 22047 Hamburg
KL-04;Rahlstedt 2.;53.5996375;10.1490291;Scharbeutzerstr. 3, Scharbeutzer Str. 23, 22147 Hamburg
KL-04;ASV Hamburg 2.;53.5571846;10.0711906;Snitgerreihe, Snitgerreihe, 22111 Hamburg
KL-04;Urania 1.;53.589355;10.0612123;Schützenhof, Habichtstr. 14, 22305 Hamburg
KL-04;BU 4.;53.5930522;10.0555913;Dieselstraße, Dieselstr. 6, 22307 Hamburg
KL-04;Bramfeld 2.;53.6110183;10.0803151;Uwe Herzberg Sportanlage, Ellernreihe 88, 22179 Hamburg
KL-05;Rahlstedt 3.;53.5996375;10.1490291;Scharbeutzerstr. 3, Scharbeutzer Str. 23, 22147 Hamburg
KL-05;Eilbek 3.;53.5703934;10.0498722;Fichtestrasse, Fichtestraße 39, 22089 Hamburg
KL-05;Hamm United 2.;53.5571846;10.0711906;Snitgerreihe, Snitgerreihe, 22111 Hamburg
KL-05;BU 3.;53.5992745;10.0491308;Langenfort 2, Langenfort 70, 22307 Hamburg
KL-05;Wellingsbüttel 2.;53.638619161316214;10.103206435241386;Am Pfeilshof, Am Pfeilshof /Zuf. Waldingstr., 22391 HAMBURG
KL-05;Wandsetal 2.;53.5840987;10.0983119;Friedrichshöh 2, Walddörferstr. 330, 22047 Hamburg
KL-05;FC Winterhude 1.;53.5871135;10.0273088;Meerweinstrasse, Meerweinstr. 28, 22303 Hamburg
KL-05;Paloma 3.;53.5832081;10.0401027;Brucknerstrasse, Brucknerstraße 24, 22083 Hamburg
KL-05;Billstedt-Horn 2.;53.5398147;10.1055898;Billstedt 3, Möllner Landstr. 197, 22117 Hamburg
KL-05;Sasel 3.;53.6549203;10.1114312;Parkweg, Saseler Parkweg 14, 22393 Hamburg
KL-05;Sperber 2.;53.5871135;10.0273088;Meerweinstrasse, Meerweinstr. 28, 22303 Hamburg
KL-05;TuS Hamburg 1.;53.5571846;10.0711906;Snitgerreihe, Snitgerreihe, 22111 Hamburg
KL-05;Polonia 1.;53.5686451;10.0328479;Finkenau, Finkenau 38, 22081 Hamburg
KL-05;Hamburg Hurricanes 1.;53.58952569043909;10.061352968558197;Neue Welt 2/Unten, Jahnring (Ecke Hindenburgstr.) 24, 22297 HAMBURG
KL-05;UH-Adler 2.;53.5775738;10.0268952;Beethovenstraße, Beethovenstr. 51, 22083 Hamburg
KL-05;Bramfeld 3.;53.6146063;10.0564247;Gropiusring 2, Gropiusring 43, 22309 Hamburg
KL-06;Hasloh 1.;53.691721;9.9174578;Gerd Buhr-Sportplatz 1, Am Sportplatz 2, 25474 Hasloh
KL-06;Ellerau 1.;53.7562066;9.915151;Ellerau 2, Dorfstr. 51, 25479 Ellerau
KL-06;Niendorf 4.;53.6228675;9.9376709;Bondenwald, Bondenwald, 22453 Hamburg
KL-06;Hoisbüttel 1.;53.678431;10.1630323;Kay Weber Platz, Bullenredder 9, 22949 Ammersbek
KL-06;Bergstedt 1.;53.6713212;10.1339477;Bergstedt, Teekoppel 9, 22395 Hamburg
KL-06;St. Pauli IV;53.554357;9.9709719;Feldstraße 1, Heiligengeistfeld, 20359 Hamburg
KL-06;1. FC Quickborn 1.;53.7242459;9.9360964;Holstenstadion 2, Harksheider Weg 258, 25451 Quickborn
KL-06;Lemsahl 1.;53.6826503;10.0911801;Eichelhäherkamp, Eichelhäherkamp 3, 22397 Hamburg
KL-06;Glashütte 1.;53.6827893;10.0411073;Glashütte 2, Poppenbütteler Str. 272, 22851 Norderstedt
KL-06;Egenbüttel 2.;53.6395517;9.8760304;Am Moorweg 1 (Rasen), Moorweg 68 A, 25462 Rellingen
KL-06;Germania 2.;53.6342945;9.9178923;Schnelsen 1, Riekbornweg 5, 22457 Hamburg
KL-06;Rugenbergen 2.;53.6614224;9.8999507;Sportzentrum Bönningstedt 2, Ellerbeker Str. 29-31, 25474 Bönningstedt
KL-06;Harksheide 3.;53.7014094;10.0089998;collatz+schwartz Sportpark, Am Exerzierplatz 14-16, 22844 Norderstedt
KL-06;West-Eimsbüttel 1.;53.6002278;9.9323094;Vogt-Kölln-Straße Platz 2, Vogt-Kölln-Str. 50, 22527 Hamburg
KL-06;SV Eidelstedt 1.;53.6037771;9.9003527;Furtweg 1, Furtweg 51, 22523 Hamburg
KL-07;Hansa 11 1.;53.554357;9.9709719;Feldstraße 1, Heiligengeistfeld, 20359 Hamburg
KL-07;St. Pauli V;53.554357;9.9709719;Feldstraße 1, Heiligengeistfeld, 20359 Hamburg
KL-07;GW Eimsbüttel 2.;53.5842503;9.9514846;Tiefenstaaken, Julius-Vosseler-Str. 195, 22527 Hamburg
KL-07;BSV 19 1.;53.5592059;9.9003912;Baurstraße Platz 1, Baurstr. 9, 22605 Hamburg
KL-07;Sternschanze 2.;53.5644706;9.9662201;Sternschanze, Sternschanze 9, 20357 Hamburg
KL-07;Victoria 3.;53.5935479;9.96665;Lokstedter Steindamm 52 Pl. 1, Lokstedter Steindamm 52, 22529 Hamburg
KL-07;Alsterbrüder 2.;53.5728026;9.9723648;Walter-Wächter-Platz, Gustav-Falke-Str. 19, 20144 Hamburg
KL-07;Egenbüttel 3.;53.6395517;9.8760304;Am Moorweg 1 (Rasen), Moorweg 68 A, 25462 Rellingen
KL-07;Eimsbüttel 3.;53.5735067;9.9679601;Sportplatz Bundesstr. 1, Bundesstr. 96, 20144 Hamburg
KL-07;Hammonia 2.;53.5644706;9.9662201;Sternschanze, Sternschanze 9, 20357 Hamburg
KL-07;Blau-Weiss Ellas 1.;53.5657996;9.9420583;Jahnplatz 3, Memellandallee, 22769 Hamburg
KL-07;HEBC 3.;53.5730998;9.9519384;Reinmüller-Platz 1, Tornquiststr. 79, 20259 Hamburg
KL-07;HafenCity 1.;53.5520761;10.0276471;Kesslau-Platz, Anckelmannsplatz 2 F, 20537 Hamburg
KL-07;Altona 93 3.;53.5592059;9.9003912;Baurstraße Platz 1, Baurstr. 9, 22605 Hamburg
KL-08;Teutonia 05 3.;53.5522746;9.9190605;Kreuzkirche, Holstentwiete 47, 22763 Hamburg
KL-08;Nienstedten 2.;53.5524139;9.8597928;Quellental, Quellental 27, 22609 Hamburg
KL-08;Hammonia 3.;53.5644706;9.9662201;Sternschanze, Sternschanze 9, 20357 Hamburg
KL-08;Lohkamp 1.;53.6037771;9.9003527;Furtweg 1, Furtweg 51, 22523 Hamburg
KL-08;Nikola Tesla 2.;53.5592059;9.9003912;Baurstraße Platz 4, Baurstr. 9, 22605 Hamburg
KL-08;Eimsbüttel 4.;53.5735067;9.9679601;Sportplatz Bundesstr. 1, Bundesstr. 96, 20144 Hamburg
KL-08;Blankenese 2.;53.5674321;9.8234211;Dockenhuden 3, Simrockstr. 62 A, 22589 Hamburg
KL-08;Sternschanze 3.;53.5644706;9.9662201;Sternschanze, Sternschanze 9, 20357 Hamburg
KL-08;Alsterbrüder 3.;53.5728026;9.9723648;Walter-Wächter-Platz, Gustav-Falke-Str. 19, 20144 Hamburg
KL-08;Groß Flottbek 1.;53.572185;9.8819507;Wilhelmshöh 1, Notkestr. 89, 22607 Hamburg
KL-08;Altenwerder 2.;53.4711365;9.8844575;Jägerhof 1 a (Nord), Talweg 1, 21149 Hamburg
KL-08;Lurup 1.;53.5886012;9.8825306;Vorhornweg Platz 1, Vorhornweg 1, 22547 Hamburg
KL-08;Hansa 11 2.;53.554357;9.9709719;Feldstraße 1, Heiligengeistfeld, 20359 Hamburg
KL-08;St. Pauli VI;53.554357;9.9709719;Feldstraße 1, Heiligengeistfeld, 20359 Hamburg
KL-08;Union Tornesch 4.;53.7028931;9.7340027;Großer Moorweg Platz 3, Großer Moorweg 30, 25436 Tornesch
KL-08;Victoria 4.;53.5935479;9.96665;Lokstedter Steindamm 52 Pl. 1, Lokstedter Steindamm 52, 22529 Hamburg
