Staffel;Vereinsname
KK-01;FC Elmshorn 2.
KK-01;Haseldorf 2.
KK-01;Rantzau 3.
KK-01;Sparrieshoop 2.
KK-01;Moorrege 2.
KK-01;Heist 2.
KK-01;TBS Pinneberg 2.
KK-01;Hemd.-Bilsen/​Kickers Egenbüttel 1.SG
KK-01;Hörnerkirchen 2.
KK-01;Gencler Birligi 1.
KK-01;Heidgraben 3.
KK-01;Holsatia im EMTV 1.
KK-01;FC Elmshorn 2.
KK-01;Uetersen 1.
KK-01;Lieth 3.
KK-01;Seestermühe 1.
KK-01;Haseldorf 2.
KK-01;Heidgraben 3.
KK-01;Gencler Birligi 1.
KK-01;Rantzau 3.
KK-01;Seestermühe 1.
KK-01;Hörnerkirchen 2.
KK-01;FC Elmshorn 2.
KK-01;TBS Pinneberg 2.
KK-01;Lieth 3.
KK-01;Heist 2.
KK-01;Hemd.-Bilsen/​Kickers Egenbüttel 1.SG
KK-01;Uetersen 1.
KK-01;Sparrieshoop 2.
KK-01;Haseldorf 2.
KK-01;Holsatia im EMTV 1.
KK-01;Moorrege 2.
KK-02;Buchholz 3.
KK-02;Juventude 1.
KK-02;Einigkeit 1.
KK-02;Buxtehude 2.
KK-02;Viktoria Harburg 2.
KK-02;GW Harburg 1.
KK-02;Harburger Türk-Sport 2.
KK-02;Harburger TB 3.
KK-02;FSV Harburg-Rönneburg 2.
KK-02;Finkenwerder 2.
KK-02;Dersimspor 2.
KK-02;Buchholz 3.
KK-02;Juventude 1.
KK-02;RW Wilhelmsburg 2.
KK-02;FFC 08 2.
KK-02;GW Harburg 1.
KK-02;Juventude 1.
KK-02;Dersimspor 2.
KK-02;Harburger Türk-Sport 2.
KK-02;FFC 08 2.
KK-02;FSV Harburg-Rönneburg 2.
KK-02;Viktoria Harburg 2.
KK-02;Finkenwerder 2.
KK-02;Harburger TB 3.
KK-02;Buchholz 3.
KK-02;Einigkeit 1.
KK-02;Buxtehude 2.
KK-02;RW Wilhelmsburg 2.
KK-03;Aumühle 2.
KK-03;Altengamme 3.
KK-03;TSG Bergedorf 1.
KK-03;Düneberg 2.
KK-03;SC V. M. 3.
KK-03;Börnsen 3.
KK-03;Altengamme 3.
KK-03;Lohbrügge 3.
KK-03;Escheburg 3.
KK-03;Schwarzenbek 3.
KK-03;FSV Geesthacht 2.
KK-03;FC Lauenburg 1.
KK-03;Grünhof-Tesperhude 1.
KK-03;Aumühle 2.
KK-03;SVNA 2.
KK-03;ASV Bergedorf 85 2.
KK-03;Reinbek 2.
KK-03;Hamwarde 2.
KK-03;SVNA 2.
KK-03;FC Lauenburg 1.
KK-03;SC V. M. 3.
KK-03;Altengamme 3.
KK-03;Börnsen 3.
KK-03;Reinbek 2.
KK-03;Grünhof-Tesperhude 1.
KK-03;TSG Bergedorf 1.
KK-03;ASV Bergedorf 85 2.
KK-03;Aumühle 2.
KK-03;Düneberg 2.
KK-03;Schwarzenbek 3.
KK-03;Hamwarde 2.
KK-03;FSV Geesthacht 2.
KK-03;Escheburg 3.
KK-03;Lohbrügge 3.
KK-04;MSV Hamburg 3.
KK-04;Einigkeit 2.
KK-04;FC Türkiye 2.
KK-04;SV Wilhelmsburg 3.
KK-04;Vorwärts Ost 1.
KK-04;RW Wilhelmsburg 3.
KK-04;FC Türkiye 2.
KK-04;Aumühle 3.
KK-04;Indian Football HH 1.
KK-04;HafenCity 2.
KK-04;Bostelbek 2.
KK-04;MSV Hamburg 3.
KK-04;Mesopotamien 2.
KK-04;RW Wilhelmsburg 3.
KK-04;Lorbeer 1.
KK-04;Vorwärts Ost 1.
KK-04;SV Wilhelmsburg 3.
KK-04;Einigkeit 2.
KK-04;Billstedt-Horn 5.
KK-04;Störtebeker SV 1.
KK-04;Mesopotamien 2.
KK-04;Billstedt-Horn 5.
KK-04;Vorwärts Ost 1.
KK-04;Einigkeit 2.
KK-04;Bostelbek 2.
KK-04;Lorbeer 1.
KK-04;HafenCity 2.
KK-04;SV Wilhelmsburg 3.
KK-04;Störtebeker SV 1.
KK-04;MSV Hamburg 3.
KK-04;RW Wilhelmsburg 3.
KK-04;FC Türkiye 2.
KK-04;Indian Football HH 1.
KK-04;Aumühle 3.
KK-05;Hamm United 3.
KK-05;Glinde 3.
KK-05;SVNA 3.
KK-05;SC Hamm 1.
KK-05;Polonia 4.
KK-05;ETSV Hamburg 2.
KK-05;Billstedt-Horn 3.
KK-05;HT 16 2.
KK-05;SC Europa 1.
KK-05;FC Preußen Hamburg 1.
KK-05;ASV Bergedorf 85 3.
KK-05;MSV Hamburg 1.
KK-05;Lorbeer 2.
KK-05;Oststeinbek 2.
KK-05;Aumühle 4.
KK-05;SC V. M. 4.
KK-05;MSV Hamburg 1.
KK-05;SC Europa 1.
KK-05;Billstedt-Horn 3.
KK-05;FC Preußen Hamburg 1.
KK-05;ETSV Hamburg 2.
KK-05;Oststeinbek 2.
KK-05;SC V. M. 4.
KK-05;SVNA 3.
KK-05;ASV Bergedorf 85 3.
KK-05;Polonia 4.
KK-05;Lorbeer 2.
KK-05;HT 16 2.
KK-05;Hamm United 3.
KK-05;SC Hamm 1.
KK-05;Aumühle 4.
KK-05;Glinde 3.
KK-06;SC FU 1.
KK-06;Farmsen 1.
KK-06;Stapelfeld 2.
KK-06;tus BERNE 3.
KK-06;Vorw. Wacker 4.
KK-06;Billstedt-Horn 4.
KK-06;Condor 4.
KK-06;Willinghusen 2.
KK-06;Lorbeer 3.
KK-06;Concordia 3.
KK-06;Polonia 3.
KK-06;Barsbüttel 3.
KK-06;SC FU 1.
KK-06;Concordia 3.
KK-06;Willinghusen 2.
KK-06;tus BERNE 3.
KK-06;Farmsen 1.
KK-06;Barsbüttel 3.
KK-06;Billstedt-Horn 4.
KK-06;Vorw. Wacker 4.
KK-06;Stapelfeld 2.
KK-06;Polonia 3.
KK-06;Lorbeer 3.
KK-06;Condor 4.
KK-07;FC Gregs 1.
KK-07;Farmsen 2.
KK-07;Tonndorf-Lohe 1.
KK-07;Croatia 2.
KK-07;SV Alter Teichweg 1.
KK-07;DJK Hamburg 1.
KK-07;SV Barmbek 1.
KK-07;Urania 2.
KK-07;Hellbrook 1.
KK-07;HafenCity 3.
KK-07;tus BERNE 2.
KK-07;Farmsen 2.
KK-07;Bramfeld 5.
KK-07;BU 5.
KK-07;FC Gregs 1.
KK-07;DSC Hanseat 2.
KK-07;MSV Hamburg 4.
KK-07;FC Gregs 1.
KK-07;Hellbrook 1.
KK-07;SV Alter Teichweg 1.
KK-07;DSC Hanseat 2.
KK-07;tus BERNE 2.
KK-07;Tonndorf-Lohe 1.
KK-07;Croatia 2.
KK-07;SV Barmbek 1.
KK-07;BU 5.
KK-07;HafenCity 3.
KK-07;Farmsen 2.
KK-07;Urania 2.
KK-07;MSV Hamburg 4.
KK-07;DJK Hamburg 1.
KK-07;Bramfeld 5.
KK-08;VfL 93 2.
KK-08;Poppenbüttel 2.
KK-08;Nordlichter im NSV 1.
KK-08;Glashütte 2.
KK-08;Paloma 4.
KK-08;Hummelsbüttel 1.
KK-08;HSV V
KK-08;Polonia 2.
KK-08;Hamburg Hurricanes 2.
KK-08;UH-Adler 3.
KK-08;Hellbrook 2.
KK-08;DSC Hanseat 3.
KK-08;DUWO 08 1.
KK-08;Alstertal-Langenhorn 2.
KK-08;Bergstedt 2.
KK-08;Glashütte 2.
KK-08;DSC Hanseat 3.
KK-08;Hellbrook 2.
KK-08;Nordlichter im NSV 1.
KK-08;VfL 93 2.
KK-08;Alstertal-Langenhorn 2.
KK-08;Hummelsbüttel 1.
KK-08;Polonia 2.
KK-08;HSV V
KK-08;Paloma 4.
KK-08;DUWO 08 1.
KK-08;Bergstedt 2.
KK-08;UH-Adler 3.
KK-08;Poppenbüttel 2.
KK-08;Hamburg Hurricanes 2.
KK-09;Alstertal-Langenhorn 3.
KK-09;SV Groß Borstel 3.
KK-09;Eintracht Lokstedt 3.
KK-09;Friedrichsgabe 1.
KK-09;Teutonia 10 3.
KK-09;Nordlichter im NSV 2.
KK-09;Tangstedt 2.
KK-09;Victoria 5.
KK-09;FC Guine-Bissau
KK-09;Niendorf 5.
KK-09;VfL 93 3.
KK-09;Germania 3.
KK-09;Rugenbergen 3.
KK-09;Victoria 5.
KK-09;FC Guine-Bissau
KK-09;Rugenbergen 3.
KK-09;VfL 93 3.
KK-09;Eintracht Lokstedt 3.
KK-09;Alstertal-Langenhorn 3.
KK-09;Teutonia 10 3.
KK-09;Friedrichsgabe 1.
KK-09;Tangstedt 2.
KK-09;Germania 3.
KK-09;Nordlichter im NSV 2.
KK-09;SV Groß Borstel 3.
KK-09;Niendorf 5.
KK-10;Sternschanze 4.
KK-10;DUWO 08 2.
KK-10;GW Eimsbüttel 3.
KK-10;HFC Falke 2.
KK-10;Lohkamp 2.
KK-10;Teutonia 10 1.
KK-10;Groß Flottbek 2.
KK-10;Rellinger FC 1.
KK-10;West-Eimsbüttel 2.
KK-10;Eintracht Lokstedt 4.
KK-10;SV Groß Borstel 2.
KK-10;SV Eidelstedt 4.
KK-10;TuS Osdorf 2.
KK-10;Teutonia 10 1.
KK-10;TuS Osdorf 2.
KK-10;DUWO 08 2.
KK-10;SV Eidelstedt 4.
KK-10;SV Groß Borstel 2.
KK-10;GW Eimsbüttel 3.
KK-10;HFC Falke 2.
KK-10;Lohkamp 2.
KK-10;Eintracht Lokstedt 4.
KK-10;Rellinger FC 1.
KK-10;Groß Flottbek 2.
KK-10;Sternschanze 4.
KK-10;West-Eimsbüttel 2.
KK-11;Union 03 2.
KK-11;Hammonia 4.
KK-11;GW Eimsbüttel 4.
KK-11;Sternschanze 5.
KK-11;Teutonia 10 2.
KK-11;Lohkamp 3.
KK-11;Inter Eidelstedt 1.
KK-11;Störtebeker SV 2.
KK-11;Stellingen 1.
KK-11;HEBC 4.
KK-11;Hansa 11 3.
KK-11;Alsterbrüder 4.
KK-11;Groß Flottbek 3.
KK-11;Lohkamp 3.
KK-11;Groß Flottbek 3.
KK-11;Hansa 11 3.
KK-11;Inter Eidelstedt 1.
KK-11;HEBC 4.
KK-11;Stellingen 1.
KK-11;Sternschanze 5.
KK-11;GW Eimsbüttel 4.
KK-11;Union 03 2.
KK-11;Teutonia 10 2.
KK-11;Hammonia 4.
KK-11;Alsterbrüder 4.
KK-11;Störtebeker SV 2.
KK-12;SC Pinneberg 1.
KK-12;Waldenau 1.
KK-12;BLS Hamburg 01 1.
KK-12;Komet Blankenese 1.
KK-12;VfL Pinneberg 2.
KK-12;FC Hamburger Berg 1.
KK-12;Kickers Halstenbek 1.
KK-12;Rissen 2.
KK-12;Cosmos Wedel 2.
KK-12;TuS Osdorf 3.
KK-12;Union 03 3.
KK-12;Altona 93 4.
KK-12;Wedel 2.
KK-12;Osdorfer Born 1.
KK-12;BLS Hamburg 01 1.
KK-12;Altona 93 4.
KK-12;VfL Pinneberg 2.
KK-12;Wedel 2.
KK-12;Kickers Halstenbek 1.
KK-12;Komet Blankenese 1.
KK-12;Rissen 2.
KK-12;FC Hamburger Berg 1.
KK-12;SC Pinneberg 1.
KK-12;Waldenau 1.
KK-12;TuS Osdorf 3.
KK-12;Union 03 3.
KK-12;Osdorfer Born 1.
KK-12;Cosmos Wedel 2.
